,MAE,MSE,RMSE,MAPE,WAPE
DFDGCN,0.387206,0.303724,0.551112,4.389520,3.523325
HimeNetPro,0.385447,0.299059,0.546863,4.144219,3.309763
HimNet,0.385979,0.301996,0.549542,4.302386,3.998825
iTransformer,0.463726,0.483429,0.695290,6.412598,4.679503
PDFormer,0.413737,0.353146,0.594261,4.359859,3.473768
STDN,0.415753,0.352166,0.593436,4.439197,3.471770
STGCN,0.445175,0.388550,0.623338,4.478443,3.635317
STID,0.414945,0.351248,0.592662,4.251317,3.327277
STPGNN,0.415291,0.352610,0.593810,4.916319,3.822276
