,mae,mse,rmse,mape,wmape
HimeNetPro,1.222567,3.572432,1.890088,34.853016,24.695850
HimNet,1.229492,3.590543,1.894873,35.227230,24.835733
iTransformer,1.510755,5.967667,2.442881,42.025711,30.517244
PDFormer,1.337241,4.390205,2.095282,38.033195,27.012259
STDN,1.340611,4.382700,2.093490,38.063057,27.080345
STGCN,2.055309,9.882550,3.143652,55.994217,41.517239
STID,1.339226,4.371013,2.090697,38.260632,27.052372
STPGNN,1.336337,4.353108,2.086411,38.512554,26.993999
