,MAE,MSE,RMSE,MAPE,WAPE
iTransformer,0.463726,0.483429,0.695290,6.412598,4.679503
STDN,0.415753,0.352166,0.593436,4.439197,3.471770
STGCN,0.445175,0.388550,0.623338,4.478443,3.635317
STID,0.414945,0.351248,0.592662,4.251317,3.327277
STPGNN,0.415291,0.352610,0.593810,4.916319,3.822276
